<?xml version="1.0" encoding="UTF-8"?>
<!-- IMPORTANT: This is an internal file that has been generated
     by the Xilinx ISE software.  Any direct editing or
     changes made to this file may result in unpredictable
     behavior or data corruption.  It is strongly advised that
     users do not edit the contents of this file. -->
<DeviceUsageSummary rev="11">
<DesignStatistics TimeStamp="Wed Jan 07 00:46:59 2015"><group name="NetStatistics">
<item name="NumNets_Active" rev="11">
<attrib name="value" value="240"/></item>
<item name="NumNets_Vcc" rev="11">
<attrib name="value" value="1"/></item>
<item name="NumNodesOfType_Active_BOUNCEACROSS" rev="11">
<attrib name="value" value="6"/></item>
<item name="NumNodesOfType_Active_BOUNCEIN" rev="11">
<attrib name="value" value="40"/></item>
<item name="NumNodesOfType_Active_BUFGOUT" rev="11">
<attrib name="value" value="4"/></item>
<item name="NumNodesOfType_Active_BUFHINP2OUT" rev="11">
<attrib name="value" value="5"/></item>
<item name="NumNodesOfType_Active_CLKPIN" rev="11">
<attrib name="value" value="46"/></item>
<item name="NumNodesOfType_Active_CLKPINFEED" rev="11">
<attrib name="value" value="17"/></item>
<item name="NumNodesOfType_Active_CNTRLPIN" rev="11">
<attrib name="value" value="29"/></item>
<item name="NumNodesOfType_Active_DOUBLE" rev="11">
<attrib name="value" value="239"/></item>
<item name="NumNodesOfType_Active_GENERIC" rev="11">
<attrib name="value" value="13"/></item>
<item name="NumNodesOfType_Active_GLOBAL" rev="11">
<attrib name="value" value="36"/></item>
<item name="NumNodesOfType_Active_INPUT" rev="11">
<attrib name="value" value="26"/></item>
<item name="NumNodesOfType_Active_IOBIN2OUT" rev="11">
<attrib name="value" value="11"/></item>
<item name="NumNodesOfType_Active_IOBOUTPUT" rev="11">
<attrib name="value" value="11"/></item>
<item name="NumNodesOfType_Active_LUTINPUT" rev="11">
<attrib name="value" value="861"/></item>
<item name="NumNodesOfType_Active_OUTBOUND" rev="11">
<attrib name="value" value="203"/></item>
<item name="NumNodesOfType_Active_OUTPUT" rev="11">
<attrib name="value" value="230"/></item>
<item name="NumNodesOfType_Active_PADINPUT" rev="11">
<attrib name="value" value="10"/></item>
<item name="NumNodesOfType_Active_PADOUTPUT" rev="11">
<attrib name="value" value="2"/></item>
<item name="NumNodesOfType_Active_PINBOUNCE" rev="11">
<attrib name="value" value="141"/></item>
<item name="NumNodesOfType_Active_PINFEED" rev="11">
<attrib name="value" value="953"/></item>
<item name="NumNodesOfType_Active_QUAD" rev="11">
<attrib name="value" value="69"/></item>
<item name="NumNodesOfType_Active_REGINPUT" rev="11">
<attrib name="value" value="54"/></item>
<item name="NumNodesOfType_Active_SINGLE" rev="11">
<attrib name="value" value="363"/></item>
<item name="NumNodesOfType_Vcc_HVCCOUT" rev="11">
<attrib name="value" value="24"/></item>
<item name="NumNodesOfType_Vcc_LUTINPUT" rev="11">
<attrib name="value" value="63"/></item>
<item name="NumNodesOfType_Vcc_PINFEED" rev="11">
<attrib name="value" value="63"/></item>
</group>
<group name="SiteStatistics">
<item name="BUFG-BUFGMUX" rev="11">
<attrib name="value" value="4"/></item>
<item name="IOB-IOBM" rev="11">
<attrib name="value" value="6"/></item>
<item name="IOB-IOBS" rev="11">
<attrib name="value" value="6"/></item>
<item name="SLICEL-SLICEM" rev="11">
<attrib name="value" value="18"/></item>
<item name="SLICEX-SLICEL" rev="11">
<attrib name="value" value="6"/></item>
<item name="SLICEX-SLICEM" rev="11">
<attrib name="value" value="8"/></item>
</group>
<group name="MiscellaneousStatistics">
<item name="AGG_BONDED_IO" rev="10">
<attrib name="value" value="12"/></item>
<item name="AGG_IO" rev="10">
<attrib name="value" value="12"/></item>
<item name="AGG_LOCED_IO" rev="10">
<attrib name="value" value="12"/></item>
<item name="AGG_SLICE" rev="10">
<attrib name="value" value="71"/></item>
<item name="NUM_BONDED_IOB" rev="10">
<attrib name="value" value="12"/></item>
<item name="NUM_BSFULL" rev="10">
<attrib name="value" value="140"/></item>
<item name="NUM_BSLUTONLY" rev="10">
<attrib name="value" value="90"/></item>
<item name="NUM_BSUSED" rev="10">
<attrib name="value" value="230"/></item>
<item name="NUM_BUFG" rev="10">
<attrib name="value" value="4"/></item>
<item name="NUM_LOCED_IOB" rev="10">
<attrib name="value" value="12"/></item>
<item name="NUM_LOGIC_O5ANDO6" rev="10">
<attrib name="value" value="38"/></item>
<item name="NUM_LOGIC_O5ONLY" rev="10">
<attrib name="value" value="21"/></item>
<item name="NUM_LOGIC_O6ONLY" rev="10">
<attrib name="value" value="169"/></item>
<item name="NUM_LUT_RT_DRIVES_CARRY4" rev="10">
<attrib name="value" value="2"/></item>
<item name="NUM_LUT_RT_EXO6" rev="10">
<attrib name="value" value="2"/></item>
<item name="NUM_LUT_RT_O5" rev="10">
<attrib name="value" value="4"/></item>
<item name="NUM_LUT_RT_O6" rev="10">
<attrib name="value" value="21"/></item>
<item name="NUM_SLICEL" rev="10">
<attrib name="value" value="36"/></item>
<item name="NUM_SLICEX" rev="10">
<attrib name="value" value="35"/></item>
<item name="NUM_SLICE_CARRY4" rev="10">
<attrib name="value" value="36"/></item>
<item name="NUM_SLICE_CONTROLSET" rev="10">
<attrib name="value" value="10"/></item>
<item name="NUM_SLICE_CYINIT" rev="10">
<attrib name="value" value="301"/></item>
<item name="NUM_SLICE_FF" rev="10">
<attrib name="value" value="140"/></item>
<item name="NUM_SLICE_UNUSEDCTRL" rev="10">
<attrib name="value" value="25"/></item>
<item name="NUM_UNUSABLE_FF_BELS" rev="10">
<attrib name="value" value="60"/></item>
<item name="Xilinx Core dist_mem_gen_v7_2, Xilinx CORE Generator 14.7" rev="10">
<attrib name="value" value="1"/></item>
</group>
</DesignStatistics>
<DeviceUsage TimeStamp="Wed Jan 07 00:46:59 2015"><group name="SiteSummary">
<item name="BUFG" rev="11">
<attrib name="total" value="1000000"/><attrib name="used" value="4"/></item>
<item name="BUFG_BUFG" rev="11">
<attrib name="total" value="1000000"/><attrib name="used" value="4"/></item>
<item name="CARRY4" rev="11">
<attrib name="total" value="1000000"/><attrib name="used" value="36"/></item>
<item name="HARD0" rev="11">
<attrib name="total" value="1000000"/><attrib name="used" value="2"/></item>
<item name="HARD1" rev="11">
<attrib name="total" value="1000000"/><attrib name="used" value="6"/></item>
<item name="IOB" rev="11">
<attrib name="total" value="1000000"/><attrib name="used" value="12"/></item>
<item name="IOB_IMUX" rev="11">
<attrib name="total" value="1000000"/><attrib name="used" value="2"/></item>
<item name="IOB_INBUF" rev="11">
<attrib name="total" value="1000000"/><attrib name="used" value="2"/></item>
<item name="IOB_OUTBUF" rev="11">
<attrib name="total" value="1000000"/><attrib name="used" value="10"/></item>
<item name="LUT5" rev="11">
<attrib name="total" value="1000000"/><attrib name="used" value="63"/></item>
<item name="LUT6" rev="11">
<attrib name="total" value="1000000"/><attrib name="used" value="230"/></item>
<item name="PAD" rev="11">
<attrib name="total" value="1000000"/><attrib name="used" value="12"/></item>
<item name="REG_SR" rev="11">
<attrib name="total" value="1000000"/><attrib name="used" value="140"/></item>
<item name="SLICEL" rev="11">
<attrib name="total" value="1000000"/><attrib name="used" value="36"/></item>
<item name="SLICEX" rev="11">
<attrib name="total" value="1000000"/><attrib name="used" value="35"/></item>
</group>
</DeviceUsage>
<ReportConfigData TimeStamp="Wed Jan 07 00:46:59 2015"><group name="REG_SR">
<item name="CK" rev="11">
<attrib name="CK" value="84"/><attrib name="CK_INV" value="56"/></item>
<item name="LATCH_OR_FF" rev="11">
<attrib name="FF" value="140"/></item>
<item name="SRINIT" rev="11">
<attrib name="SRINIT0" value="134"/><attrib name="SRINIT1" value="6"/></item>
<item name="SYNC_ATTR" rev="11">
<attrib name="ASYNC" value="137"/><attrib name="SYNC" value="3"/></item>
</group>
<group name="SLICEL">
<item name="CLK" rev="11">
<attrib name="CLK" value="8"/><attrib name="CLK_INV" value="17"/></item>
</group>
<group name="IOB_OUTBUF">
<item name="DRIVEATTRBOX" rev="11">
<attrib name="12" value="10"/></item>
<item name="SLEW" rev="11">
<attrib name="SLOW" value="10"/></item>
<item name="SUSPEND" rev="11">
<attrib name="3STATE" value="10"/></item>
</group>
<group name="SLICEX">
<item name="CLK" rev="11">
<attrib name="CLK" value="17"/><attrib name="CLK_INV" value="4"/></item>
</group>
</ReportConfigData>
<ReportPinData TimeStamp="Wed Jan 07 00:46:59 2015"><group name="REG_SR">
<item name="CK" rev="11">
<attrib name="value" value="140"/></item>
<item name="D" rev="11">
<attrib name="value" value="140"/></item>
<item name="Q" rev="11">
<attrib name="value" value="140"/></item>
<item name="SR" rev="11">
<attrib name="value" value="80"/></item>
</group>
<group name="SLICEL">
<item name="A2" rev="11">
<attrib name="value" value="10"/></item>
<item name="A3" rev="11">
<attrib name="value" value="10"/></item>
<item name="A4" rev="11">
<attrib name="value" value="30"/></item>
<item name="A5" rev="11">
<attrib name="value" value="23"/></item>
<item name="A6" rev="11">
<attrib name="value" value="36"/></item>
<item name="AMUX" rev="11">
<attrib name="value" value="4"/></item>
<item name="AQ" rev="11">
<attrib name="value" value="23"/></item>
<item name="AX" rev="11">
<attrib name="value" value="20"/></item>
<item name="B1" rev="11">
<attrib name="value" value="1"/></item>
<item name="B2" rev="11">
<attrib name="value" value="5"/></item>
<item name="B3" rev="11">
<attrib name="value" value="7"/></item>
<item name="B4" rev="11">
<attrib name="value" value="26"/></item>
<item name="B5" rev="11">
<attrib name="value" value="19"/></item>
<item name="B6" rev="11">
<attrib name="value" value="34"/></item>
<item name="BMUX" rev="11">
<attrib name="value" value="4"/></item>
<item name="BQ" rev="11">
<attrib name="value" value="22"/></item>
<item name="BX" rev="11">
<attrib name="value" value="14"/></item>
<item name="C2" rev="11">
<attrib name="value" value="6"/></item>
<item name="C3" rev="11">
<attrib name="value" value="6"/></item>
<item name="C4" rev="11">
<attrib name="value" value="22"/></item>
<item name="C5" rev="11">
<attrib name="value" value="14"/></item>
<item name="C6" rev="11">
<attrib name="value" value="26"/></item>
<item name="CIN" rev="11">
<attrib name="value" value="22"/></item>
<item name="CLK" rev="11">
<attrib name="value" value="25"/></item>
<item name="CMUX" rev="11">
<attrib name="value" value="1"/></item>
<item name="COUT" rev="11">
<attrib name="value" value="22"/></item>
<item name="CQ" rev="11">
<attrib name="value" value="19"/></item>
<item name="CX" rev="11">
<attrib name="value" value="10"/></item>
<item name="D2" rev="11">
<attrib name="value" value="6"/></item>
<item name="D3" rev="11">
<attrib name="value" value="6"/></item>
<item name="D4" rev="11">
<attrib name="value" value="18"/></item>
<item name="D5" rev="11">
<attrib name="value" value="12"/></item>
<item name="D6" rev="11">
<attrib name="value" value="22"/></item>
<item name="DMUX" rev="11">
<attrib name="value" value="1"/></item>
<item name="DQ" rev="11">
<attrib name="value" value="15"/></item>
<item name="DX" rev="11">
<attrib name="value" value="10"/></item>
<item name="SR" rev="11">
<attrib name="value" value="23"/></item>
</group>
<group name="IOB_OUTBUF">
<item name="IN" rev="11">
<attrib name="value" value="10"/></item>
<item name="OUT" rev="11">
<attrib name="value" value="10"/></item>
</group>
<group name="SLICEX">
<item name="A" rev="11">
<attrib name="value" value="12"/></item>
<item name="A1" rev="11">
<attrib name="value" value="21"/></item>
<item name="A2" rev="11">
<attrib name="value" value="24"/></item>
<item name="A3" rev="11">
<attrib name="value" value="25"/></item>
<item name="A4" rev="11">
<attrib name="value" value="30"/></item>
<item name="A5" rev="11">
<attrib name="value" value="28"/></item>
<item name="A6" rev="11">
<attrib name="value" value="30"/></item>
<item name="AQ" rev="11">
<attrib name="value" value="19"/></item>
<item name="B" rev="11">
<attrib name="value" value="15"/></item>
<item name="B1" rev="11">
<attrib name="value" value="24"/></item>
<item name="B2" rev="11">
<attrib name="value" value="27"/></item>
<item name="B3" rev="11">
<attrib name="value" value="27"/></item>
<item name="B4" rev="11">
<attrib name="value" value="31"/></item>
<item name="B5" rev="11">
<attrib name="value" value="30"/></item>
<item name="B6" rev="11">
<attrib name="value" value="31"/></item>
<item name="BMUX" rev="11">
<attrib name="value" value="1"/></item>
<item name="BQ" rev="11">
<attrib name="value" value="16"/></item>
<item name="C" rev="11">
<attrib name="value" value="12"/></item>
<item name="C1" rev="11">
<attrib name="value" value="21"/></item>
<item name="C2" rev="11">
<attrib name="value" value="23"/></item>
<item name="C3" rev="11">
<attrib name="value" value="23"/></item>
<item name="C4" rev="11">
<attrib name="value" value="23"/></item>
<item name="C5" rev="11">
<attrib name="value" value="23"/></item>
<item name="C6" rev="11">
<attrib name="value" value="25"/></item>
<item name="CLK" rev="11">
<attrib name="value" value="21"/></item>
<item name="CQ" rev="11">
<attrib name="value" value="13"/></item>
<item name="D" rev="11">
<attrib name="value" value="10"/></item>
<item name="D1" rev="11">
<attrib name="value" value="18"/></item>
<item name="D2" rev="11">
<attrib name="value" value="19"/></item>
<item name="D3" rev="11">
<attrib name="value" value="19"/></item>
<item name="D4" rev="11">
<attrib name="value" value="20"/></item>
<item name="D5" rev="11">
<attrib name="value" value="20"/></item>
<item name="D6" rev="11">
<attrib name="value" value="23"/></item>
<item name="DQ" rev="11">
<attrib name="value" value="13"/></item>
<item name="SR" rev="11">
<attrib name="value" value="6"/></item>
</group>
<group name="BUFG_BUFG">
<item name="I0" rev="11">
<attrib name="value" value="4"/></item>
<item name="O" rev="11">
<attrib name="value" value="4"/></item>
</group>
<group name="PAD">
<item name="PAD" rev="11">
<attrib name="value" value="12"/></item>
</group>
<group name="IOB_INBUF">
<item name="OUT" rev="11">
<attrib name="value" value="2"/></item>
<item name="PAD" rev="11">
<attrib name="value" value="2"/></item>
</group>
<group name="CARRY4">
<item name="CIN" rev="11">
<attrib name="value" value="22"/></item>
<item name="CO0" rev="11">
<attrib name="value" value="2"/></item>
<item name="CO1" rev="11">
<attrib name="value" value="2"/></item>
<item name="CO3" rev="11">
<attrib name="value" value="22"/></item>
<item name="CYINIT" rev="11">
<attrib name="value" value="14"/></item>
<item name="DI0" rev="11">
<attrib name="value" value="36"/></item>
<item name="DI1" rev="11">
<attrib name="value" value="30"/></item>
<item name="DI2" rev="11">
<attrib name="value" value="22"/></item>
<item name="DI3" rev="11">
<attrib name="value" value="22"/></item>
<item name="O0" rev="11">
<attrib name="value" value="25"/></item>
<item name="O1" rev="11">
<attrib name="value" value="24"/></item>
<item name="O2" rev="11">
<attrib name="value" value="20"/></item>
<item name="O3" rev="11">
<attrib name="value" value="16"/></item>
<item name="S0" rev="11">
<attrib name="value" value="36"/></item>
<item name="S1" rev="11">
<attrib name="value" value="34"/></item>
<item name="S2" rev="11">
<attrib name="value" value="28"/></item>
<item name="S3" rev="11">
<attrib name="value" value="22"/></item>
</group>
<group name="LUT5">
<item name="A1" rev="11">
<attrib name="value" value="1"/></item>
<item name="A2" rev="11">
<attrib name="value" value="21"/></item>
<item name="A3" rev="11">
<attrib name="value" value="20"/></item>
<item name="A4" rev="11">
<attrib name="value" value="27"/></item>
<item name="A5" rev="11">
<attrib name="value" value="22"/></item>
<item name="O5" rev="11">
<attrib name="value" value="63"/></item>
</group>
<group name="LUT6">
<item name="A1" rev="11">
<attrib name="value" value="85"/></item>
<item name="A2" rev="11">
<attrib name="value" value="120"/></item>
<item name="A3" rev="11">
<attrib name="value" value="123"/></item>
<item name="A4" rev="11">
<attrib name="value" value="200"/></item>
<item name="A5" rev="11">
<attrib name="value" value="169"/></item>
<item name="A6" rev="11">
<attrib name="value" value="227"/></item>
<item name="O6" rev="11">
<attrib name="value" value="230"/></item>
</group>
<group name="SELMUX2_1">
<item name="0" rev="2">
<attrib name="value" value="1"/></item>
<item name="1" rev="2">
<attrib name="value" value="1"/></item>
<item name="OUT" rev="2">
<attrib name="value" value="1"/></item>
<item name="S0" rev="2">
<attrib name="value" value="1"/></item>
</group>
<group name="IOB_IMUX">
<item name="I" rev="11">
<attrib name="value" value="2"/></item>
<item name="OUT" rev="11">
<attrib name="value" value="2"/></item>
</group>
<group name="IOB">
<item name="I" rev="11">
<attrib name="value" value="2"/></item>
<item name="O" rev="11">
<attrib name="value" value="10"/></item>
<item name="PAD" rev="11">
<attrib name="value" value="12"/></item>
</group>
<group name="HARD0">
<item name="0" rev="11">
<attrib name="value" value="2"/></item>
</group>
<group name="HARD1">
<item name="1" rev="11">
<attrib name="value" value="6"/></item>
</group>
<group name="BUFG">
<item name="I0" rev="11">
<attrib name="value" value="4"/></item>
<item name="O" rev="11">
<attrib name="value" value="4"/></item>
</group>
</ReportPinData>
<CmdHistory>
</CmdHistory>
</DeviceUsageSummary>
